Mallory,Tice,40772502721,Mallory.Tice@gmail.com
Dagmar,Harriman,73447194704,Dagmar.Harriman@gmail.com
Marline,Sibyls,64208368970,Marline.Sibyls@gmail.com
Kylynn,Shelba,75514030317,Kylynn.Shelba@gmail.com
Kerrin,Gavrila,76343604532,Kerrin.Gavrila@gmail.com
Ardenia,Daveta,84473228147,Ardenia.Daveta@gmail.com
Delilah,Natica,47456238043,Delilah.Natica@gmail.com
Candy,Deny,69420525556,Candy.Deny@gmail.com
Brianna,Esmaria,47530576969,Brianna.Esmaria@gmail.com
Averyl,Beebe,44314441340,Averyl.Beebe@gmail.com
Rivalee,Dreda,22850298424,Rivalee.Dreda@gmail.com
Agnese,Tamsky,67176948713,Agnese.Tamsky@gmail.com
Taffy,Screens,28494030068,Taffy.Screens@gmail.com
Letizia,Rad,71750513299,Letizia.Rad@gmail.com
Candy,Mintz,15814299578,Candy.Mintz@gmail.com
Dode,Korey,69536181720,Dode.Korey@gmail.com
Roslyn,Roumell,31611370377,Roslyn.Roumell@gmail.com
Pearline,Ogren,40163698792,Pearline.Ogren@gmail.com
Brynna,Giule,52644783255,Brynna.Giule@gmail.com
Louella,Soneson,96419191734,Louella.Soneson@gmail.com
Carmela,Kazimir,70984052644,Carmela.Kazimir@gmail.com
Tressa,Friede,90660044986,Tressa.Friede@gmail.com
Eugine,Ardra,76029194023,Eugine.Ardra@gmail.com
Renae,Audly,72322447476,Renae.Audly@gmail.com
Valera,Harday,75777384097,Valera.Harday@gmail.com
Sophia,Noam,27067877359,Sophia.Noam@gmail.com
Cissiee,Peti,97879308720,Cissiee.Peti@gmail.com
Kristan,Hermes,11273701801,Kristan.Hermes@gmail.com
Mildrid,Darrell,84317295975,Mildrid.Darrell@gmail.com
Nadine,Hoenack,45950335442,Nadine.Hoenack@gmail.com
Catharine,Latini,27739159642,Catharine.Latini@gmail.com
Dorene,Norvol,85756621592,Dorene.Norvol@gmail.com
Clo,Wadell,75896109148,Clo.Wadell@gmail.com
Zia,Bakerman,11968940488,Zia.Bakerman@gmail.com
Nadine,Madelene,99324309378,Nadine.Madelene@gmail.com
Jorry,Ciapas,32704878560,Jorry.Ciapas@gmail.com
Rochette,Lunsford,88847442428,Rochette.Lunsford@gmail.com
Katuscha,Jobi,48802901577,Katuscha.Jobi@gmail.com
Brena,Raffo,99168831682,Brena.Raffo@gmail.com
Audrie,Hedve,71256561539,Audrie.Hedve@gmail.com
Harmonia,Ilka,95618819514,Harmonia.Ilka@gmail.com
Kenna,Rurik,80486161832,Kenna.Rurik@gmail.com
Dode,Jary,57090894169,Dode.Jary@gmail.com
Katleen,Martguerita,64373213029,Katleen.Martguerita@gmail.com
Steffane,Kristi,32923130158,Steffane.Kristi@gmail.com
Jenda,Ralfston,24218862446,Jenda.Ralfston@gmail.com
Joceline,Ader,76722439234,Joceline.Ader@gmail.com
Tarra,Velick,75320674557,Tarra.Velick@gmail.com
Margalo,Stilwell,31026218329,Margalo.Stilwell@gmail.com
Asia,Faria,88623476222,Asia.Faria@gmail.com
Daphne,Eldrid,50225427793,Daphne.Eldrid@gmail.com
Amalie,Shama,75641540958,Amalie.Shama@gmail.com
Sharlene,Torray,48554254950,Sharlene.Torray@gmail.com
Dania,Malanie,12691992001,Dania.Malanie@gmail.com
Binny,Lail,16293733380,Binny.Lail@gmail.com
Katharina,Erich,56479319052,Katharina.Erich@gmail.com
Madalyn,Engdahl,32764019704,Madalyn.Engdahl@gmail.com
Dari,Cynar,20067389119,Dari.Cynar@gmail.com
Zaria,Tippets,79059535438,Zaria.Tippets@gmail.com
Mellicent,Nedrud,61502822822,Mellicent.Nedrud@gmail.com
Moyna,McClimans,68675565775,Moyna.McClimans@gmail.com
Tersina,Bates,94177607203,Tersina.Bates@gmail.com
Marsiella,Salvidor,53860845621,Marsiella.Salvidor@gmail.com
Katharina,Avi,49326514772,Katharina.Avi@gmail.com
Allyce,Blisse,42894684312,Allyce.Blisse@gmail.com
Sandie,Ardeha,66065961070,Sandie.Ardeha@gmail.com
Nanete,Olin,96833387751,Nanete.Olin@gmail.com
Helsa,Kosey,74581817649,Helsa.Kosey@gmail.com
Rhea,Aprile,75457916299,Rhea.Aprile@gmail.com
Nanete,Azeria,32949506635,Nanete.Azeria@gmail.com
Jean,Ochs,54868101625,Jean.Ochs@gmail.com
Sallie,Tristram,24389988264,Sallie.Tristram@gmail.com
Rosabelle,Agle,98664327802,Rosabelle.Agle@gmail.com
Alie,Zola,18938953949,Alie.Zola@gmail.com
Madalyn,Adamsen,96500696779,Madalyn.Adamsen@gmail.com
Frieda,Suk,99622456184,Frieda.Suk@gmail.com
Kara-Lynn,Sharl,57248346872,Kara-Lynn.Sharl@gmail.com
Lory,Oscar,41524942807,Lory.Oscar@gmail.com
Carol-Jean,Esmaria,97702562495,Carol-Jean.Esmaria@gmail.com
Jessamyn,Mandler,46080149702,Jessamyn.Mandler@gmail.com
Perry,Goth,76802350816,Perry.Goth@gmail.com
Eolanda,Weaks,32289787004,Eolanda.Weaks@gmail.com
Abbie,Berard,21553114110,Abbie.Berard@gmail.com
Maridel,Dosia,21807182724,Maridel.Dosia@gmail.com
Vere,Armanda,56480141983,Vere.Armanda@gmail.com
Annaliese,Gabrielli,47889902217,Annaliese.Gabrielli@gmail.com
Leia,Hermes,15096632241,Leia.Hermes@gmail.com
Aryn,Durware,84431674965,Aryn.Durware@gmail.com
Kathy,Dunkin,99109143225,Kathy.Dunkin@gmail.com
Blake,Obed,13770640276,Blake.Obed@gmail.com
Rani,Sibyls,28287730281,Rani.Sibyls@gmail.com
Suzette,Lattie,20024124579,Suzette.Lattie@gmail.com
Hope,Ventre,13050402773,Hope.Ventre@gmail.com
Justinn,Franza,53294930572,Justinn.Franza@gmail.com
Anallese,Ulphia,21859147676,Anallese.Ulphia@gmail.com
Bettine,Infield,89728085762,Bettine.Infield@gmail.com
Marnia,Maisey,94305089825,Marnia.Maisey@gmail.com
Corly,Carvey,59721348964,Corly.Carvey@gmail.com
Mariann,Stelle,58252334084,Mariann.Stelle@gmail.com
Shannah,Virgin,77840443976,Shannah.Virgin@gmail.com